"CustomerKey","GeographyKey","CustomerAlternateKey","Title","FirstName","MiddleName","LastName","NameStyle","BirthDate","MaritalStatus","Suffix","Gender","EmailAddress","YearlyIncome","TotalChildren","NumberChildrenAtHome","EnglishEducation","SpanishEducation","FrenchEducation","EnglishOccupation","SpanishOccupation","FrenchOccupation","HouseOwnerFlag","NumberCarsOwned","AddressLine1","AddressLine2","Phone","DateFirstPurchase","CommuteDistance"
"11000","26","AW00011000","","Jon","V","Yang","0","1971-10-06","M","","M","jon24@adventure-works.com","90000.0000","2","0","Bachelors","Licenciatura","Bac + 4","Professional","Profesional","Cadre","1","0","3761 N. 14th St","","1 (11) 500 555-0162","2011-01-19","1-2 Miles"
"11001","37","AW00011001","","Eugene","L","Huang","0","1976-05-10","S","","M","eugene10@adventure-works.com","60000.0000","3","3","Bachelors","Licenciatura","Bac + 4","Professional","Profesional","Cadre","0","1","2243 W St.","","1 (11) 500 555-0110","2011-01-15","0-1 Miles"
"11002","31","AW00011002","","Ruben","","Torres","0","1971-02-09","M","","M","ruben35@adventure-works.com","60000.0000","3","3","Bachelors","Licenciatura","Bac + 4","Professional","Profesional","Cadre","1","1","5844 Linden Land","","1 (11) 500 555-0184","2011-01-07","2-5 Miles"
"11003","11","AW00011003","","Christy","","Zhu","0","1973-08-14","S","","F","christy12@adventure-works.com","70000.0000","0","0","Bachelors","Licenciatura","Bac + 4","Professional","Profesional","Cadre","0","1","1825 Village Pl.","","1 (11) 500 555-0162","2010-12-29","5-10 Miles"
"11004","19","AW00011004","","Elizabeth","","Johnson","0","1979-08-05","S","","F","elizabeth5@adventure-works.com","80000.0000","5","5","Bachelors","Licenciatura","Bac + 4","Professional","Profesional","Cadre","1","4","7553 Harness Circle","","1 (11) 500 555-0131","2011-01-23","1-2 Miles"
"11005","22","AW00011005","","Julio","","Ruiz","0","1976-08-01","S","","M","julio1@adventure-works.com","70000.0000","0","0","Bachelors","Licenciatura","Bac + 4","Professional","Profesional","Cadre","1","1","7305 Humphrey Drive","","1 (11) 500 555-0151","2010-12-30","5-10 Miles"
"11006","8","AW00011006","","Janet","G","Alvarez","0","1976-12-02","S","","F","janet9@adventure-works.com","70000.0000","0","0","Bachelors","Licenciatura","Bac + 4","Professional","Profesional","Cadre","1","1","2612 Berry Dr","","1 (11) 500 555-0184","2011-01-24","5-10 Miles"
"11007","40","AW00011007","","Marco","","Mehta","0","1969-11-06","M","","M","marco14@adventure-works.com","60000.0000","3","3","Bachelors","Licenciatura","Bac + 4","Professional","Profesional","Cadre","1","2","942 Brook Street","","1 (11) 500 555-0126","2011-01-09","0-1 Miles"
"11008","32","AW00011008","","Rob","","Verhoff","0","1975-07-04","S","","F","rob4@adventure-works.com","60000.0000","4","4","Bachelors","Licenciatura","Bac + 4","Professional","Profesional","Cadre","1","3","624 Peabody Road","","1 (11) 500 555-0164","2011-01-25","10+ Miles"
"11009","25","AW00011009","","Shannon","C","Carlson","0","1969-09-29","S","","M","shannon38@adventure-works.com","70000.0000","0","0","Bachelors","Licenciatura","Bac + 4","Professional","Profesional","Cadre","0","1","3839 Northgate Road","","1 (11) 500 555-0110","2011-01-27","5-10 Miles"
"11010","22","AW00011010","","Jacquelyn","C","Suarez","0","1969-08-05","S","","F","jacquelyn20@adventure-works.com","70000.0000","0","0","Bachelors","Licenciatura","Bac + 4","Professional","Profesional","Cadre","0","1","7800 Corrinne Court","","1 (11) 500 555-0169","2011-01-14","5-10 Miles"
"11011","22","AW00011011","","Curtis","","Lu","0","1969-05-03","M","","M","curtis9@adventure-works.com","60000.0000","4","4","Bachelors","Licenciatura","Bac + 4","Professional","Profesional","Cadre","1","4","1224 Shoenic","","1 (11) 500 555-0117","2010-12-30","10+ Miles"
"11012","611","AW00011012","","Lauren","M","Walker","0","1979-01-14","M","","F","lauren41@adventure-works.com","100000.0000","2","0","Bachelors","Licenciatura","Bac + 4","Management","Gestión","Direction","1","2","4785 Scott Street","","717-555-0164","2013-03-16","1-2 Miles"
"11013","543","AW00011013","","Ian","M","Jenkins","0","1979-08-03","M","","M","ian47@adventure-works.com","100000.0000","2","0","Bachelors","Licenciatura","Bac + 4","Management","Gestión","Direction","1","3","7902 Hudson Ave.","","817-555-0185","2013-04-13","0-1 Miles"
"11014","634","AW00011014","","Sydney","","Bennett","0","1973-11-06","S","","F","sydney23@adventure-works.com","100000.0000","3","0","Bachelors","Licenciatura","Bac + 4","Management","Gestión","Direction","0","3","9011 Tank Drive","","431-555-0156","2013-03-23","1-2 Miles"
"11015","301","AW00011015","","Chloe","","Young","0","1984-08-26","S","","F","chloe23@adventure-works.com","30000.0000","0","0","Partial College","Estudios universitarios (en curso)","Baccalauréat","Skilled Manual","Obrero especializado","Technicien","0","1","244 Willow Pass Road","","208-555-0142","2013-01-18","5-10 Miles"
"11016","329","AW00011016","","Wyatt","L","Hill","0","1984-10-25","M","","M","wyatt32@adventure-works.com","30000.0000","0","0","Partial College","Estudios universitarios (en curso)","Baccalauréat","Skilled Manual","Obrero especializado","Technicien","1","1","9666 Northridge Ct.","","135-555-0171","2013-02-09","5-10 Miles"
"11017","39","AW00011017","","Shannon","","Wang","0","1949-12-24","S","","F","shannon1@adventure-works.com","20000.0000","4","0","High School","Educación secundaria","Bac + 2","Skilled Manual","Obrero especializado","Technicien","1","2","7330 Saddlehill Lane","","1 (11) 500 555-0195","2011-01-12","5-10 Miles"
"11018","32","AW00011018","","Clarence","D","Rai","0","1955-10-06","S","","M","clarence32@adventure-works.com","30000.0000","2","0","Partial College","Estudios universitarios (en curso)","Baccalauréat","Clerical","Administrativo","Employé","1","2","244 Rivewview","","1 (11) 500 555-0137","2011-01-17","5-10 Miles"
"11019","52","AW00011019","","Luke","L","Lal","0","1983-09-04","S","","M","luke18@adventure-works.com","40000.0000","0","0","High School","Educación secundaria","Bac + 2","Skilled Manual","Obrero especializado","Technicien","0","2","7832 Landing Dr","","262-555-0112","2013-02-12","5-10 Miles"
"11020","53","AW00011020","","Jordan","C","King","0","1984-03-19","S","","M","jordan73@adventure-works.com","40000.0000","0","0","High School","Educación secundaria","Bac + 2","Skilled Manual","Obrero especializado","Technicien","0","2","7156 Rose Dr.","","550-555-0163","2012-12-29","1-2 Miles"
"11021","536","AW00011021","","Destiny","","Wilson","0","1984-03-02","S","","F","destiny7@adventure-works.com","40000.0000","0","0","Partial College","Estudios universitarios (en curso)","Baccalauréat","Skilled Manual","Obrero especializado","Technicien","0","1","8148 W. Lake Dr.","","622-555-0158","2013-01-23","1-2 Miles"
"11022","609","AW00011022","","Ethan","G","Zhang","0","1984-04-10","M","","M","ethan20@adventure-works.com","40000.0000","0","0","Partial College","Estudios universitarios (en curso)","Baccalauréat","Skilled Manual","Obrero especializado","Technicien","1","1","1769 Nicholas Drive","","589-555-0185","2013-01-20","5-10 Miles"
"11023","298","AW00011023","","Seth","M","Edwards","0","1984-04-09","M","","M","seth46@adventure-works.com","40000.0000","0","0","Partial College","Estudios universitarios (en curso)","Baccalauréat","Skilled Manual","Obrero especializado","Technicien","1","1","4499 Valley Crest","","452-555-0188","2013-02-17","1-2 Miles"
"11024","311","AW00011024","","Russell","","Xie","0","1984-03-16","M","","M","russell7@adventure-works.com","60000.0000","0","0","Partial College","Estudios universitarios (en curso)","Baccalauréat","Skilled Manual","Obrero especializado","Technicien","1","2","8734 Oxford Place","","746-555-0186","2013-06-27","5-10 Miles"
"11025","24","AW00011025","","Alejandro","","Beck","0","1951-06-22","M","","M","alejandro45@adventure-works.com","10000.0000","2","1","Partial High School","Educación secundaria (en curso)","Niveau bac","Clerical","Administrativo","Employé","1","2","2596 Franklin Canyon Road","","1 (11) 500 555-0178","2011-01-06","1-2 Miles"
"11026","4","AW00011026","","Harold","","Sai","0","1951-10-01","S","","M","harold3@adventure-works.com","30000.0000","2","0","Partial College","Estudios universitarios (en curso)","Baccalauréat","Clerical","Administrativo","Employé","0","2","8211 Leeds Ct.","","1 (11) 500 555-0131","2011-01-23","1-2 Miles"
"11027","40","AW00011027","","Jessie","R","Zhao","0","1952-06-05","M","","M","jessie16@adventure-works.com","30000.0000","2","0","Partial College","Estudios universitarios (en curso)","Baccalauréat","Clerical","Administrativo","Employé","1","2","213 Valencia Place","","1 (11) 500 555-0184","2011-01-16","5-10 Miles"
"11028","17","AW00011028","","Jill","","Jimenez","0","1951-10-09","M","","F","jill13@adventure-works.com","30000.0000","2","0","Partial College","Estudios universitarios (en curso)","Baccalauréat","Clerical","Administrativo","Employé","1","2","9111 Rose Ann Ave","","1 (11) 500 555-0116","2011-01-26","1-2 Miles"
"11029","32","AW00011029","","Jimmy","L","Moreno","0","1952-06-19","M","","M","jimmy9@adventure-works.com","30000.0000","2","0","Partial College","Estudios universitarios (en curso)","Baccalauréat","Clerical","Administrativo","Employé","1","2","6385 Mark Twain","","1 (11) 500 555-0146","2011-01-19","1-2 Miles"
"11030","28","AW00011030","","Bethany","G","Yuan","0","1958-02-18","M","","F","bethany10@adventure-works.com","10000.0000","2","1","Partial High School","Educación secundaria (en curso)","Niveau bac","Clerical","Administrativo","Employé","1","2","636 Vine Hill Way","","1 (11) 500 555-0182","2011-02-05","1-2 Miles"
"11031","8","AW00011031","","Theresa","G","Ramos","0","1953-02-18","M","","F","theresa13@adventure-works.com","20000.0000","4","0","High School","Educación secundaria","Bac + 2","Skilled Manual","Obrero especializado","Technicien","1","2","6465 Detroit Ave.","","1 (11) 500 555-0195","2011-02-01","1-2 Miles"
"11032","35","AW00011032","","Denise","","Stone","0","1952-12-08","M","","F","denise10@adventure-works.com","20000.0000","4","0","High School","Educación secundaria","Bac + 2","Skilled Manual","Obrero especializado","Technicien","1","2","626 Bentley Street","","1 (11) 500 555-0169","2011-02-18","1-2 Miles"
"11033","9","AW00011033","","Jaime","","Nath","0","1958-09-19","M","","M","jaime41@adventure-works.com","20000.0000","4","0","High School","Educación secundaria","Bac + 2","Skilled Manual","Obrero especializado","Technicien","1","2","5927 Rainbow Dr","","1 (11) 500 555-0137","2011-02-15","5-10 Miles"
"11034","12","AW00011034","","Ebony","","Gonzalez","0","1952-12-16","M","","F","ebony19@adventure-works.com","20000.0000","4","0","High School","Educación secundaria","Bac + 2","Skilled Manual","Obrero especializado","Technicien","1","2","5167 Condor Place","","1 (11) 500 555-0136","2011-02-01","5-10 Miles"
"11035","33","AW00011035","","Wendy","","Dominguez","0","1953-08-23","M","","F","wendy12@adventure-works.com","10000.0000","2","1","Partial High School","Educación secundaria (en curso)","Niveau bac","Clerical","Administrativo","Employé","1","2","1873 Mt. Whitney Dr","","1 (11) 500 555-0177","2011-02-06","1-2 Miles"
"11036","343","AW00011036","","Jennifer","C","Russell","0","1984-06-16","M","","F","jennifer93@adventure-works.com","60000.0000","0","0","Partial College","Estudios universitarios (en curso)","Baccalauréat","Skilled Manual","Obrero especializado","Technicien","1","2","3981 Augustine Drive","","115-555-0183","2013-01-22","1-2 Miles"
"11037","49","AW00011037","","Chloe","M","Garcia","0","1983-05-27","S","","F","chloe27@adventure-works.com","40000.0000","0","0","Partial High School","Educación secundaria (en curso)","Niveau bac","Clerical","Administrativo","Employé","0","2","8915 Woodside Way","","229-555-0112","2013-01-20","5-10 Miles"
"11038","6","AW00011038","","Diana","F","Hernandez","0","1953-09-20","M","","F","diana2@adventure-works.com","10000.0000","2","1","Partial High School","Educación secundaria (en curso)","Niveau bac","Clerical","Administrativo","Employé","1","2","8357 Sandy Cove Lane","","1 (11) 500 555-0114","2011-02-07","5-10 Miles"
"11039","19","AW00011039","","Marc","J","Martin","0","1954-06-16","M","","M","marc3@adventure-works.com","30000.0000","3","0","Partial College","Estudios universitarios (en curso)","Baccalauréat","Clerical","Administrativo","Employé","1","2","9353 Creekside Dr.","","1 (11) 500 555-0183","2011-02-07","5-10 Miles"
"11040","642","AW00011040","","Jesse","","Murphy","0","1983-01-29","M","","M","jesse15@adventure-works.com","30000.0000","0","0","Partial College","Estudios universitarios (en curso)","Baccalauréat","Skilled Manual","Obrero especializado","Technicien","1","2","3350 Kingswood Circle","","961-555-0176","2013-04-03","1-2 Miles"
"11041","325","AW00011041","","Amanda","M","Carter","0","1983-04-15","M","","F","amanda53@adventure-works.com","60000.0000","0","0","Partial College","Estudios universitarios (en curso)","Baccalauréat","Skilled Manual","Obrero especializado","Technicien","1","2","5826 Escobar","","295-555-0145","2013-01-14","1-2 Miles"
"11042","338","AW00011042","","Megan","J","Sanchez","0","1982-12-11","M","","F","megan28@adventure-works.com","70000.0000","0","0","Partial College","Estudios universitarios (en curso)","Baccalauréat","Skilled Manual","Obrero especializado","Technicien","1","2","1397 Paraiso Ct.","","404-555-0199","2013-01-21","0-1 Miles"
"11043","325","AW00011043","","Nathan","M","Simmons","0","1981-08-23","M","","M","nathan11@adventure-works.com","60000.0000","0","0","Partial College","Estudios universitarios (en curso)","Baccalauréat","Skilled Manual","Obrero especializado","Technicien","1","2","1170 Shaw Rd","","296-555-0181","2013-05-08","5-10 Miles"
"11044","25","AW00011044","","Adam","L","Flores","0","1954-11-21","M","","M","adam10@adventure-works.com","20000.0000","2","1","Partial High School","Educación secundaria (en curso)","Niveau bac","Clerical","Administrativo","Employé","1","2","6935 Candle Dr","","1 (11) 500 555-0163","2011-02-28","1-2 Miles"
"11045","8","AW00011045","","Leonard","G","Nara","0","1955-11-16","S","","M","leonard18@adventure-works.com","30000.0000","3","0","High School","Educación secundaria","Bac + 2","Skilled Manual","Obrero especializado","Technicien","0","2","7466 La Vista Ave.","","1 (11) 500 555-0151","2013-04-10","1-2 Miles"
"11046","6","AW00011046","","Christine","","Yuan","0","1955-09-19","M","","F","christine4@adventure-works.com","30000.0000","3","0","High School","Educación secundaria","Bac + 2","Skilled Manual","Obrero especializado","Technicien","1","2","2356 Orange St","","1 (11) 500 555-0113","2011-02-06","5-10 Miles"
"11047","34","AW00011047","","Jaclyn","D","Lu","0","1955-08-27","M","","F","jaclyn12@adventure-works.com","30000.0000","3","0","High School","Educación secundaria","Bac + 2","Skilled Manual","Obrero especializado","Technicien","0","2","2812 Mazatlan","","1 (11) 500 555-0137","2011-02-03","1-2 Miles"
"11048","39","AW00011048","","Jeremy","","Powell","0","1956-05-21","M","","M","jeremy26@adventure-works.com","30000.0000","3","0","High School","Educación secundaria","Bac + 2","Skilled Manual","Obrero especializado","Technicien","1","2","1803 Potomac Dr.","","1 (11) 500 555-0183","2011-02-10","5-10 Miles"
"11049","307","AW00011049","","Carol","C","Rai","0","1986-01-15","S","","F","carol8@adventure-works.com","40000.0000","0","0","Partial High School","Educación secundaria (en curso)","Niveau bac","Clerical","Administrativo","Employé","1","2","6064 Madrid","","654-555-0180","2013-03-09","5-10 Miles"
"11050","31","AW00011050","","Alan","","Zheng","0","1957-03-06","M","","M","alan23@adventure-works.com","30000.0000","3","0","High School","Educación secundaria","Bac + 2","Skilled Manual","Obrero especializado","Technicien","1","2","2741 Gainborough Dr.","","1 (11) 500 555-0135","2011-02-20","5-10 Miles"
"11051","21","AW00011051","","Daniel","","Johnson","0","1957-01-31","S","","M","daniel18@adventure-works.com","30000.0000","3","0","High School","Educación secundaria","Bac + 2","Skilled Manual","Obrero especializado","Technicien","0","2","8085 Sunnyvale Avenue","","1 (11) 500 555-0155","2013-12-29","1-2 Miles"
"11052","8","AW00011052","","Heidi","","Lopez","0","1957-02-03","S","","F","heidi19@adventure-works.com","40000.0000","2","0","Partial College","Estudios universitarios (en curso)","Baccalauréat","Clerical","Administrativo","Employé","0","2","2514 Via Cordona","","1 (11) 500 555-0168","2011-02-17","5-10 Miles"
"11053","359","AW00011053","","Ana","E","Price","0","1986-02-17","M","","F","ana0@adventure-works.com","60000.0000","0","0","Partial College","Estudios universitarios (en curso)","Baccalauréat","Skilled Manual","Obrero especializado","Technicien","0","2","1660 Stonyhill Circle","","859-555-0113","2013-01-17","1-2 Miles"
"11054","34","AW00011054","","Deanna","","Munoz","0","1957-09-07","M","","F","deanna33@adventure-works.com","40000.0000","2","0","Partial College","Estudios universitarios (en curso)","Baccalauréat","Skilled Manual","Obrero especializado","Technicien","1","2","5825 B Way","","1 (11) 500 555-0192","2011-02-03","5-10 Miles"
"11055","22","AW00011055","","Gilbert","","Raje","0","1957-09-02","M","","M","gilbert35@adventure-works.com","40000.0000","2","0","Partial College","Estudios universitarios (en curso)","Baccalauréat","Skilled Manual","Obrero especializado","Technicien","1","2","8811 The Trees Dr.","","1 (11) 500 555-0129","2011-01-31","5-10 Miles"
"11056","10","AW00011056","","Michele","L","Nath","0","1958-10-01","M","","F","michele19@adventure-works.com","40000.0000","3","0","Partial College","Estudios universitarios (en curso)","Baccalauréat","Skilled Manual","Obrero especializado","Technicien","1","2","5464 Janin Pl.","","1 (11) 500 555-0178","2011-02-26","5-10 Miles"
"11057","5","AW00011057","","Carl","J","Andersen","0","1970-04-07","M","","M","carl12@adventure-works.com","70000.0000","2","0","Graduate Degree","Estudios de postgrado","Bac + 3","Management","Gestión","Direction","1","2","6930 Lake Nadine Place","","1 (11) 500 555-0181","2011-02-22","1-2 Miles"
"11058","29","AW00011058","","Marc","","Diaz","0","1965-04-23","M","","M","marc6@adventure-works.com","80000.0000","2","0","Partial College","Estudios universitarios (en curso)","Baccalauréat","Skilled Manual","Obrero especializado","Technicien","1","2","6645 Sinaloa","","1 (11) 500 555-0149","2011-03-09","1-2 Miles"
"11059","27","AW00011059","","Ashlee","J","Andersen","0","1959-09-29","S","","F","ashlee19@adventure-works.com","80000.0000","2","0","Partial College","Estudios universitarios (en curso)","Baccalauréat","Skilled Manual","Obrero especializado","Technicien","1","2","8255 Highland Road","","1 (11) 500 555-0112","2013-02-18","5-10 Miles"
"11060","40","AW00011060","","Jon","L","Zhou","0","1959-09-14","M","","M","jon28@adventure-works.com","80000.0000","2","0","Partial College","Estudios universitarios (en curso)","Baccalauréat","Skilled Manual","Obrero especializado","Technicien","1","2","6574 Hemlock Ave.","","1 (11) 500 555-0174","2011-03-19","5-10 Miles"
"11061","23","AW00011061","","Todd","M","Gao","0","1976-02-20","M","","M","todd14@adventure-works.com","80000.0000","2","0","Partial College","Estudios universitarios (en curso)","Baccalauréat","Skilled Manual","Obrero especializado","Technicien","1","2","8808 Geneva Ave","","1 (11) 500 555-0191","2011-03-13","5-10 Miles"
"11062","547","AW00011062","","Noah","D","Powell","0","1981-03-01","M","","M","noah5@adventure-works.com","40000.0000","0","0","High School","Educación secundaria","Bac + 2","Skilled Manual","Obrero especializado","Technicien","1","2","9794 Marion Ct","","767-555-0113","2013-01-07","5-10 Miles"
"11063","634","AW00011063","","Angela","","Murphy","0","1980-10-04","S","","F","angela41@adventure-works.com","40000.0000","0","0","High School","Educación secundaria","Bac + 2","Skilled Manual","Obrero especializado","Technicien","1","2","4927 Virgil Street","# 21","451-555-0162","2013-01-12","5-10 Miles"
"11064","315","AW00011064","","Chase","","Reed","0","1981-06-05","M","","M","chase21@adventure-works.com","40000.0000","0","0","High School","Educación secundaria","Bac + 2","Skilled Manual","Obrero especializado","Technicien","1","2","2721 Alexander Pl.","","892-555-0184","2013-01-25","5-10 Miles"
"11065","331","AW00011065","","Jessica","","Henderson","0","1979-04-08","M","","F","jessica29@adventure-works.com","60000.0000","0","0","Partial College","Estudios universitarios (en curso)","Baccalauréat","Skilled Manual","Obrero especializado","Technicien","0","2","9343 Ironwood Way","","278-555-0186","2013-02-10","1-2 Miles"
"11066","543","AW00011066","","Grace","T","Butler","0","1979-05-27","M","","F","grace62@adventure-works.com","70000.0000","0","0","Partial College","Estudios universitarios (en curso)","Baccalauréat","Professional","Profesional","Cadre","1","2","4739 Garden Ave.","","712-555-0141","2013-05-31","5-10 Miles"
"11067","632","AW00011067","","Caleb","F","Carter","0","1982-03-25","S","","M","caleb40@adventure-works.com","60000.0000","0","0","Partial College","Estudios universitarios (en curso)","Baccalauréat","Professional","Profesional","Cadre","1","2","9563 Pennsylvania Blvd.","","944-555-0167","2013-08-18","5-10 Miles"
"11068","40","AW00011068","","Tiffany","","Liang","0","1966-09-19","S","","F","tiffany17@adventure-works.com","80000.0000","2","0","High School","Educación secundaria","Bac + 2","Skilled Manual","Obrero especializado","Technicien","1","2","3608 Sinclair Avenue","# 701","1 (11) 500 555-0177","2013-04-30","5-10 Miles"
"11069","23","AW00011069","","Carolyn","","Navarro","0","1966-09-17","S","","F","carolyn30@adventure-works.com","80000.0000","2","0","High School","Educación secundaria","Bac + 2","Skilled Manual","Obrero especializado","Technicien","0","2","4606 Springwood Court","","1 (11) 500 555-0145","2011-04-17","1-2 Miles"
"11070","39","AW00011070","","Willie","T","Raji","0","1960-10-02","M","","M","willie40@adventure-works.com","80000.0000","2","0","High School","Educación secundaria","Bac + 2","Skilled Manual","Obrero especializado","Technicien","1","2","6260 Vernal Drive","","1 (11) 500 555-0151","2011-04-28","5-10 Miles"
"11071","24","AW00011071","","Linda","","Serrano","0","1960-12-23","S","","F","linda31@adventure-works.com","80000.0000","2","0","High School","Educación secundaria","Bac + 2","Skilled Manual","Obrero especializado","Technicien","1","2","9808 Shaw Rd.","","1 (11) 500 555-0130","2013-03-01","5-10 Miles"
"11072","17","AW00011072","","Casey","","Luo","0","1960-08-05","S","","F","casey6@adventure-works.com","80000.0000","2","0","High School","Educación secundaria","Bac + 2","Skilled Manual","Obrero especializado","Technicien","0","2","9513 Roslyn Drive","","1 (11) 500 555-0125","2011-03-31","1-2 Miles"
"11073","16","AW00011073","","Amy","","Ye","0","1962-02-11","S","","F","amy16@adventure-works.com","70000.0000","2","0","High School","Educación secundaria","Bac + 2","Skilled Manual","Obrero especializado","Technicien","1","2","2262 Kirkwood Ct.","","1 (11) 500 555-0185","2013-03-23","5-10 Miles"
"11074","28","AW00011074","","Levi","A","Arun","0","1962-02-25","S","","M","levi6@adventure-works.com","70000.0000","2","0","High School","Educación secundaria","Bac + 2","Skilled Manual","Obrero especializado","Technicien","1","2","4661 Bluetail","","1 (11) 500 555-0127","2013-03-23","5-10 Miles"
"11075","32","AW00011075","","Felicia","L","Jimenez","0","1963-05-16","S","","F","felicia4@adventure-works.com","80000.0000","2","0","High School","Educación secundaria","Bac + 2","Professional","Profesional","Cadre","1","2","786 Eastgate Ave","","1 (11) 500 555-0165","2011-04-28","5-10 Miles"
"11076","19","AW00011076","","Blake","","Anderson","0","1963-01-10","S","","M","blake9@adventure-works.com","80000.0000","2","0","High School","Educación secundaria","Bac + 2","Professional","Profesional","Cadre","1","2","5436 Clear","# 101","1 (11) 500 555-0113","2011-04-21","5-10 Miles"
"11077","36","AW00011077","","Leah","","Ye","0","1963-03-19","S","","F","leah7@adventure-works.com","80000.0000","2","0","High School","Educación secundaria","Bac + 2","Professional","Profesional","Cadre","0","2","1291 Arguello Blvd.","","1 (11) 500 555-0154","2011-04-15","1-2 Miles"
"11078","49","AW00011078","","Gina","E","Martin","0","1985-01-06","S","","F","gina1@adventure-works.com","40000.0000","0","0","High School","Educación secundaria","Bac + 2","Professional","Profesional","Cadre","0","2","1349 Sol St.","","196-555-0114","2013-02-15","1-2 Miles"
"11079","34","AW00011079","","Donald","","Gonzalez","0","1970-03-07","S","","M","donald20@adventure-works.com","160000.0000","0","0","Graduate Degree","Estudios de postgrado","Bac + 3","Management","Gestión","Direction","1","2","4236 Malibu Place","","1 (11) 500 555-0137","2013-03-15","0-1 Miles"
"11080","30","AW00011080","","Damien","","Chander","0","1965-01-13","M","","M","damien32@adventure-works.com","170000.0000","0","0","Graduate Degree","Estudios de postgrado","Bac + 3","Management","Gestión","Direction","1","2","9941 Stonehedge Dr.","","1 (11) 500 555-0111","2011-04-10","0-1 Miles"
"11081","311","AW00011081","","Savannah","C","Baker","0","1972-01-21","M","","F","savannah39@adventure-works.com","120000.0000","2","2","Bachelors","Licenciatura","Bac + 4","Management","Gestión","Direction","1","3","1210 Trafalgar Circle","","478-555-0117","2013-02-12","2-5 Miles"
"11082","322","AW00011082","","Angela","L","Butler","0","1972-02-01","S","","F","angela17@adventure-works.com","130000.0000","0","1","Graduate Degree","Estudios de postgrado","Bac + 3","Management","Gestión","Direction","0","3","6040 Listing Ct","","579-555-0195","2013-01-22","1-2 Miles"
"11083","336","AW00011083","","Alyssa","F","Cox","0","1977-03-11","M","","F","alyssa37@adventure-works.com","130000.0000","0","1","Graduate Degree","Estudios de postgrado","Bac + 3","Management","Gestión","Direction","1","3","867 La Orinda Place","","561-555-0140","2013-01-06","1-2 Miles"
"11084","543","AW00011084","","Lucas","","Phillips","0","1963-03-12","S","","M","lucas7@adventure-works.com","80000.0000","2","0","Partial High School","Educación secundaria (en curso)","Niveau bac","Skilled Manual","Obrero especializado","Technicien","0","2","8668 St. Celestine Court","","863-555-0172","2013-01-04","1-2 Miles"
"11085","345","AW00011085","","Emily","","Johnson","0","1963-01-16","S","","F","emily1@adventure-works.com","60000.0000","2","0","High School","Educación secundaria","Bac + 2","Professional","Profesional","Cadre","0","2","7926 Stephanie Way","","850-555-0184","2013-12-06","5-10 Miles"
"11086","369","AW00011086","","Ryan","","Brown","0","1963-06-22","M","","M","ryan43@adventure-works.com","70000.0000","2","1","Partial College","Estudios universitarios (en curso)","Baccalauréat","Professional","Profesional","Cadre","1","0","2939 Wesley Ct.","","539-555-0198","2013-07-02","0-1 Miles"
"11087","307","AW00011087","","Tamara","L","Liang","0","1963-04-02","M","","F","tamara6@adventure-works.com","70000.0000","3","2","Partial College","Estudios universitarios (en curso)","Baccalauréat","Professional","Profesional","Cadre","0","0","3791 Rossmor Parkway","","178-555-0152","2013-02-25","0-1 Miles"
"11088","359","AW00011088","","Hunter","","Davis","0","1963-05-25","M","","M","hunter64@adventure-works.com","80000.0000","2","1","Bachelors","Licenciatura","Bac + 4","Management","Gestión","Direction","1","0","4308 Sand Pointe Lane","","612-555-0141","2013-01-13","2-5 Miles"
"11089","337","AW00011089","","Abigail","M","Price","0","1962-08-05","S","","F","abigail25@adventure-works.com","80000.0000","2","1","Bachelors","Licenciatura","Bac + 4","Management","Gestión","Direction","1","1","2685 Blackburn Ct","","532-555-0117","2012-12-29","2-5 Miles"
"11090","338","AW00011090","","Trevor","","Bryant","0","1968-12-13","S","","M","trevor18@adventure-works.com","90000.0000","2","0","Partial College","Estudios universitarios (en curso)","Baccalauréat","Professional","Profesional","Cadre","1","1","5781 Sharon Dr.","","853-555-0174","2011-08-07","2-5 Miles"
"11091","50","AW00011091","","Dalton","","Perez","0","1962-10-02","M","","M","dalton37@adventure-works.com","90000.0000","2","0","Partial College","Estudios universitarios (en curso)","Baccalauréat","Professional","Profesional","Cadre","1","1","6083 San Jose","","559-555-0115","2013-01-29","5-10 Miles"
"11092","22","AW00011092","","Cheryl","A","Diaz","0","1972-11-02","M","","F","cheryl4@adventure-works.com","90000.0000","2","2","Bachelors","Licenciatura","Bac + 4","Professional","Profesional","Cadre","1","0","7297 Kaywood Drive","","1 (11) 500 555-0192","2011-04-08","1-2 Miles"
"11093","19","AW00011093","","Aimee","A","He","0","1978-09-06","M","","F","aimee13@adventure-works.com","100000.0000","0","0","Graduate Degree","Estudios de postgrado","Bac + 3","Management","Gestión","Direction","1","0","1833 Olympic Drive","","1 (11) 500 555-0161","2011-04-07","0-1 Miles"
"11094","33","AW00011094","","Cedric","W","Ma","0","1967-09-29","S","","M","cedric15@adventure-works.com","70000.0000","1","0","Partial College","Estudios universitarios (en curso)","Baccalauréat","Skilled Manual","Obrero especializado","Technicien","0","1","3407 Oak Brook Place","","1 (11) 500 555-0115","2013-04-07","0-1 Miles"
"11095","13","AW00011095","","Chad","","Kumar","0","1968-02-29","S","","M","chad9@adventure-works.com","70000.0000","1","0","Partial College","Estudios universitarios (en curso)","Baccalauréat","Skilled Manual","Obrero especializado","Technicien","1","1","1681 Lighthouse Way","","1 (11) 500 555-0151","2011-04-01","5-10 Miles"
"11096","12","AW00011096","","Andrés","","Anand","0","1968-02-07","M","","M","andrés18@adventure-works.com","60000.0000","1","0","Bachelors","Licenciatura","Bac + 4","Professional","Profesional","Cadre","1","1","5423 Los Gatos Ct.","","1 (11) 500 555-0184","2011-04-11","5-10 Miles"
"11097","40","AW00011097","","Edwin","R","Nara","0","1972-10-23","M","","M","edwin39@adventure-works.com","60000.0000","1","0","Partial College","Estudios universitarios (en curso)","Baccalauréat","Skilled Manual","Obrero especializado","Technicien","1","1","719 William Way","","1 (11) 500 555-0112","2011-04-04","5-10 Miles"
"11098","14","AW00011098","","Mallory","S","Rubio","0","1966-10-29","S","","F","mallory7@adventure-works.com","60000.0000","1","0","Partial College","Estudios universitarios (en curso)","Baccalauréat","Skilled Manual","Obrero especializado","Technicien","0","1","6452 Harris Circle","","1 (11) 500 555-0157","2013-02-11","0-1 Miles"
"11099","13","AW00011099","","Adam","","Ross","0","1966-09-05","M","","M","adam2@adventure-works.com","60000.0000","1","0","Bachelors","Licenciatura","Bac + 4","Professional","Profesional","Cadre","1","1","4378 Westminster Place","","1 (11) 500 555-0186","2011-04-07","0-1 Miles"
